Año,Región,Siniestros,Fallecidos,Lesionados Graves,Lesionados Menos graves,Lesionados Leves,Total lesionados,Parque Vehicular,Poblacion,Siniestros por parque vehicular (por 10000 vehiculos),Siniestros por cantidad de habitantes (por 100000 habitantes),Fallecidos por parque vehicular (por 10000 vehiculos),Fallecidos por cantidad de habitantes (por 100000 habitantes),Lesionados por parque vehicular (por 10000 vehiculos),Lesionados por cantidad de habitantes (por 100000 habitantes)
2000,Tarapacá,1701,41,245,256,1490,1991,78374,411515,"217,036262025672","413,350667654885","5,23132671549238","9,96318481707836","254,038329037691","483,821974897634"
2000,Antofagasta,1484,62,287,316,1306,1909,78566,474879,"188,885777562813","312,50065806237","7,89145431866202","13,0559574123092","242,980424102029","401,997140324167"
2000,Atacama,586,35,206,118,742,1066,40251,249405,"145,586445057266","234,959202902909","8,69543613823259","14,0333994907881","264,838140667313","427,417253062288"
2000,Coquimbo,1329,52,311,274,1327,1912,69248,584333,"191,918900184843","227,438806297094","7,50924214417745","8,8990353103453","276,109057301294","327,210682949619"
2000,Valparaíso,4799,166,887,479,3843,5209,232803,1515485,"206,139955241127","316,664302187089","7,13049230465243","10,9535891150358","223,75141213816","343,718347591695"
2000,Metropolitana,20304,497,3247,3219,12571,19037,930550,5897930,"218,193541453979","344,256374694172","5,34092740852184","8,42668529467118","204,577937778733","322,77426147818"
2000,L.B.O´Higgins,1295,135,385,379,959,1723,115134,762197,"112,477634756023","169,903581357576","11,7254677158789","17,7119563577395","149,65171018118","226,057042995446"
2000,Maule,2422,137,466,418,2172,3056,123856,894411,"195,549670585196","270,792733989184","11,0612323989149","15,3173429217664","246,738147526159","341,677372035899"
2000,Biobio,3350,287,957,626,3630,5213,207937,1836414,"161,106488984644","182,420739550014","13,8022574145054","15,6282842539863","250,700933455806","283,868452320664"
2000,Araucanía,1520,133,469,320,1508,2297,96845,852460,"156,951830244205","178,307486568285","13,7332851463679","15,6019050747249","237,183127678249","269,455458320625"
2000,Los Lagos,1420,138,487,374,1338,2199,111785,961945,"127,029565684126","147,617587284096","12,3451268059221","14,345934538877","196,71691192915","228,599348195583"
2000,Aysén,261,8,53,54,249,356,13227,89244,"197,323656157859","292,456635740218","6,04823467150525","8,96418806866568","269,146442881984","398,906369055623"
2000,Magallanes,455,7,90,96,504,690,36364,149015,"125,123748762512","305,33838875281","1,9249807501925","4,69751367312016","189,748102518975","463,040633493273"
2000,Total,40926,1698,8090,6929,31639,46658,2134940,14788299,"191,696253758888","276,745824519777","7,95338510684141","11,4820507754137","218,544783459957","315,506198515461"
2001,Tarapacá,1464,58,239,200,1554,1993,83992,420055,"174,302314506143","348,525788289629","6,90541956376798","13,8077156562831","237,284503286027","474,461677637452"
2001,Antofagasta,1283,70,266,312,1320,1898,81953,484432,"156,553146315571","264,846252931268","8,5414810928215","14,4499124748159","231,596158773931","391,799055388579"
2001,Atacama,357,33,120,64,439,623,40422,251871,"88,3182425411904","141,739223650202","8,16387115926971","13,101945043296","154,123991885607","247,348841271921"
2001,Coquimbo,1031,50,258,211,1194,1663,72291,593771,"142,618029906904","173,635964033272","6,91649029616411","8,4207548027775","230,042467250418","280,07430474038"
2001,Valparaíso,4089,154,722,444,3418,4584,245154,1527669,"166,793117795345","267,662693947445","6,28176574724459","10,0807177471036","186,984507697203","300,065000991707"
2001,Metropolitana,26995,464,3035,3131,13858,20024,930507,5979557,"290,110660102503","451,454848578248","4,98652884932623","7,75977217041329","215,194512239027","334,874305905939"
2001,L.B.O´Higgins,1258,133,385,373,1150,1908,119814,771412,"104,996077253076","163,077577222029","11,1005391690454","17,2411111053497","159,246832590515","247,338646533889"
2001,Maule,2408,142,494,460,2188,3142,126617,901254,"190,179833671624","267,183280185164","11,2149237464164","15,7558246620819","248,149932473523","348,625359776489"
2001,Biobio,2788,203,795,542,3145,4482,212290,1848988,"131,329784728438","150,78518627487","9,56239106882095","10,9789787710899","211,126289509633","242,402871192241"
2001,Araucanía,1150,112,407,302,1185,1894,96227,860997,"119,509077493843","133,566086757561","11,6391449385308","13,0081754059538","196,826254585511","219,97753766854"
2001,Los Lagos,1343,125,469,390,1247,2106,116844,1017540,"114,9395775564","131,984983391316","10,6980247167163","12,2845293551113","180,240320427236","206,969750574916"
2001,Aysén,238,7,44,40,283,367,12744,90368,"186,754551161331","263,367563739377","5,49278091650973","7,74610481586402","287,978656622724","406,117209631728"
2001,Magallanes,426,11,95,98,467,660,37646,149920,"113,159432609042","284,151547491996","2,92195718004569","7,33724653148346","175,317430802741","440,234791889007"
2001,Total,44830,1562,7329,6567,31448,45344,2176501,14952367,"205,972797623341","299,818751104758","7,17665647752976","10,4465065631415","208,334386246549","303,256333930273"
2002,Tarapacá,1258,64,266,190,1482,1938,89610,428594,"140,386117620801","293,517874725265","7,14206003794219","14,932546885864","216,270505523937","452,17618538757"
2002,Antofagasta,1058,42,226,293,1069,1588,85340,493984,"123,974689477385","214,17697739198","4,92149050855402","8,50229966962493","186,079212561519","321,46790179439"
2002,Atacama,298,23,126,103,363,592,40593,254336,"73,4116719631464","117,167840966281","5,66600152735693","9,04315551082033","145,837952356318","232,762959235028"
2002,Coquimbo,810,61,246,197,1023,1466,75334,603210,"107,521172379006","134,281593474909","8,09727347545597","10,1125644468759","194,600047787188","243,033106215083"
2002,Valparaíso,3892,125,766,543,3574,4883,257505,1539852,"151,142696258325","252,751563137237","4,85427467427817","8,11766325594927","189,627385876002","317,108397430402"
2002,Metropolitana,25278,481,2922,2871,13514,19307,930464,6061185,"271,67090827802","417,047161569891","5,16946383739726","7,93574193825135","207,498624342264","318,535071937253"
2002,L.B.O´Higgins,1379,134,424,377,1261,2062,124494,780627,"110,768390444519","176,652870064704","10,7635709351455","17,1656886067225","165,630472151268","264,146641097477"
2002,Maule,2010,163,547,384,2013,2944,129378,908097,"155,358716319622","221,341993201167","12,5987416716907","17,9496243242737","227,550279027346","324,194441783202"
2002,Biobio,2954,191,855,572,3479,4906,216643,1861562,"136,353355520372","158,683943913767","8,81634763181824","10,2602008420885","226,455505139792","263,542122153331"
2002,Araucanía,1120,119,358,268,1303,1929,95609,869535,"117,143783535023","128,804475955539","12,4465270005962","13,6854755702761","201,759248606303","221,842709034139"
2002,Los Lagos,1194,119,447,360,966,1773,121903,1073135,"97,9467281363051","111,26279545444","9,76185983938049","11,0890055771175","145,443508363207","165,216864606969"
2002,Aysén,231,14,51,51,247,349,12261,91492,"188,402251039883","252,48109124295","11,4183182448414","15,3018843177546","284,642361960688","381,454116206882"
2002,Magallanes,252,13,83,75,227,385,38928,150826,"64,7348951911221","167,079946428335","3,33949856144677","8,61920358558869","98,9005343197698","255,261029265511"
2002,Total,41734,1549,7317,6284,30521,44122,2218062,15116435,"188,155245434979","276,083613629801","6,98357394878953","10,2471250661945","198,921400754352","291,880989135335"
2003,Tarapacá,1423,66,237,208,1556,2001,95791,437129,"148,552578008372","325,533195006508","6,89000010439394","15,0985178288331","208,892275892307","457,759608719623"
2003,Antofagasta,1198,59,322,262,1351,1935,77798,501554,"153,988534409625","238,857630484454","7,58374251266099","11,7634392308705","248,721046813543","385,800930707362"
2003,Atacama,396,31,133,87,536,756,41280,256458,"95,9302325581395","154,411248625506","7,50968992248062","12,0877492610876","183,139534883721","294,78511101233"
2003,Coquimbo,1266,54,229,190,965,1384,77135,613502,"164,127827834316","206,356295496999","7,00071303558696","8,80192729608053","179,425682245414","225,590136625471"
2003,Valparaíso,3285,177,658,411,3233,4302,260161,1724055,"126,267964837159","190,539164933833","6,80347938391996","10,2664938183527","165,359142992224","249,52800229691"
2003,Metropolitana,27110,470,3167,2620,14190,19977,942447,6131288,"287,655433143721","442,158319752718","4,98701783760784","7,66559978914708","211,969479450834","325,820610612322"
2003,L.B.O´Higgins,1301,160,451,376,1201,2028,123377,789556,"105,4491517868","164,776152673148","12,9683814649408","20,2645537491958","164,374235068125","256,853218771056"
2003,Maule,2194,176,488,361,2155,3004,135115,921711,"162,380194649003","238,035566462807","13,0259408651889","19,0949223780556","222,329127039929","325,915606952722"
2003,Biobio,3469,248,885,613,4020,5518,224026,1873285,"154,848097988626","185,182713788879","11,0701436440413","13,2387757335376","246,310696079919","294,562760071212"
2003,Araucanía,997,115,344,230,1190,1764,98762,875380,"100,949758004091","113,893394868514","11,6441546343735","13,1371518654756","178,611206739434","201,512486006077"
2003,Los Lagos,1290,124,442,290,1182,1914,122591,1082343,"105,227953112382","119,185877305069","10,1149350278569","11,4566269657585","156,128916478371","176,83858074566"
2003,Aysén,280,5,37,47,228,312,13060,94370,"214,395099540582","296,704461163505","3,82848392036753","5,29829394934831","238,897396630934","330,613542439335"
2003,Magallanes,241,18,104,77,259,440,38481,161326,"62,628310075102","149,38695560542","4,67763311764247","11,1575319539318","114,342142875705","272,739669984999"
2003,Total,44450,1703,7497,5772,32066,45335,2250024,15280273,"197,553448318774","290,897944035424","7,56880815493524","11,145088834473","201,486739696999","296,689725373362"
2004,Tarapacá,1383,54,286,212,1597,2095,98751,445664,"140,049214691497","310,323472391757","5,46829905519944","12,1167516335176","212,149750382275","470,085086522582"
2004,Antofagasta,1512,49,316,249,1555,2120,82478,509124,"183,321613036204","296,980696254743","5,94097820024734","9,62437441566298","257,038240500497","416,401505330725"
2004,Atacama,455,28,133,103,601,837,43152,258580,"105,441230997405","175,961017866811","6,48869113830182","10,8283703302653","193,965517241379","323,690927372573"
2004,Coquimbo,1299,63,196,221,1052,1469,82023,624794,"158,370213232874","207,908526650384","7,68077246625946","10,0833234634135","179,096107189447","235,117494726262"
2004,Valparaíso,4167,155,651,320,3970,4941,264185,1742458,"157,730378333365","239,144932044273","5,8671007059447","8,89547983366027","187,028029600469","283,564941020099"
2004,Metropolitana,27425,517,2857,2365,14371,19593,1004750,6201400,"272,95347101269","442,238849292095","5,14555859666584","8,33682716805883","195,003732271709","315,944786661077"
2004,L.B.O´Higgins,1482,154,460,340,1521,2321,125131,798484,"118,4358791986","185,6017152504","12,3071021569395","19,2865480084761","185,485611079589","290,675830699175"
2004,Maule,2010,147,426,321,1989,2736,133752,930834,"150,278126682218","215,935386975551","10,9904898618338","15,7922894952269","204,557688856989","293,929959584631"
2004,Biobio,3675,265,921,580,4241,5742,233521,1885008,"157,373426801016","194,959384787757","11,3480158101413","14,058295773811","245,887950120118","304,614091823483"
2004,Araucanía,973,125,332,220,1098,1650,101962,881225,"95,4277083619388","110,4144798434","12,2594692140209","14,1847995687821","161,824993625076","187,239354307924"
2004,Los Lagos,1735,167,479,322,1563,2364,126553,1091704,"137,096710469132","158,925862688055","13,1960522468847","15,2971867832306","186,7992066565","216,542212907528"
2004,Aysén,302,14,42,48,295,385,13781,95147,"219,142297365939","317,403596540091","10,1589144474276","14,7140740117923","279,37014730426","404,637035324288"
2004,Magallanes,202,19,67,31,159,257,41623,162373,"48,530860341638","124,404919537115","4,56478389352041","11,7014528277485","61,7447084544603","158,277546143755"
2004,Total,46620,1757,7166,5332,34012,46510,2351662,15444110,"198,242774684457","301,862651845914","7,47131177864846","11,376505347346","197,775020389835","301,150406206638"
2005,Tarapacá,1467,49,270,171,1758,2199,97858,454199,"149,911095669235","322,986180066447","5,00725541090151","10,7882227834055","224,713360174947","484,149018381811"
2005,Antofagasta,1672,56,333,296,1742,2371,88968,516694,"187,932739861523","323,595783964977","6,29439798579264","10,8381363050471","266,500314719899","458,878949629762"
2005,Atacama,404,32,144,93,637,874,45445,260702,"88,8986687204313","154,966206626723","7,04147871052921","12,2745510199385","192,320387281329","335,24867473207"
2005,Coquimbo,1519,53,257,235,1119,1611,88282,636089,"172,062255046329","238,803060578001","6,00348881991799","8,33216735393947","182,483405450715","253,266445418801"
2005,Valparaíso,4284,150,668,332,3745,4745,276951,1760861,"154,684402656066","243,290072299858","5,41612054117876","8,51855995447682","171,329946452622","269,47044655995"
2005,Metropolitana,25045,467,2394,1942,13997,18333,1066785,6271512,"234,770830111035","399,345484788995","4,37763935563398","7,4463701895173","171,852810078882","292,321851572635"
2005,L.B.O´Higgins,1852,147,473,281,1880,2634,138491,807413,"133,727101400091","229,374558001915","10,6144081564867","18,2062959105192","190,192864518272","326,227098151751"
2005,Maule,2597,148,507,376,2529,3412,141262,940967,"183,842788577254","275,992675619868","10,4769860259659","15,7285005744091","241,537002166188","362,605702431647"
2005,Biobio,3842,216,870,566,4581,6017,250421,1896731,"153,421637961673","202,559034465088","8,62547470060418","11,388014431145","240,275376266367","317,230013112033"
2005,Araucanía,1318,109,332,200,1616,2148,109238,886061,"120,653984877057","148,748223880749","9,97821270986287","12,3016361176036","196,634870649408","242,421232849657"
2005,Los Lagos,1770,164,514,328,1985,2827,138071,1101064,"128,194914210805","160,753598337608","11,8779468534305","14,8946836877784","204,749730211268","256,75165113018"
2005,Aysén,364,14,45,31,287,363,15289,96024,"238,079665118713","379,071898691994","9,15691019687357","14,5796884112305","237,42560010465","378,030492376906"
2005,Magallanes,194,21,37,27,194,258,44287,163420,"43,8051798496173","118,712519887407","4,741797818773","12,850324317709","58,2563732020683","157,875413046139"
2005,Total,46328,1626,6844,4878,36070,47792,2501348,15607848,"185,212133617553","296,82503314999","6,50049493313206","10,417835950222","191,06497776399","306,204929725097"
2006,Tarapacá,1502,77,257,212,1718,2187,105848,462735,"141,901594739627","324,591829016608","7,27458242007407","16,6401936313441","206,617035749376","472,624720412331"
2006,Antofagasta,2019,67,402,290,2020,2712,98909,524234,"204,127025852046","385,133356478214","6,77390328483758","12,7805521961567","274,191428484769","517,32623217876"
2006,Atacama,574,34,170,85,755,1010,48517,262824,"118,309046313663","218,397102243326","7,00785291753406","12,9364137217301","208,174454314982","384,287584086689"
2006,Coquimbo,1473,61,201,210,1218,1629,93177,647384,"158,086222994945","227,531109820447","6,54667997467186","9,42253747389494","174,828552110499","251,628090901227"
2006,Valparaíso,4866,144,753,421,4428,5602,277017,1779265,"175,657089637098","273,48371378069","5,19823693130747","8,09322950768997","202,225856174892","314,849109042217"
2006,Metropolitana,20654,405,2112,1333,11902,15347,1137565,6341620,"181,563251330693","325,689650278635","3,56023611837565","6,38638076705952","134,910972120274","242,004408968056"
2006,L.B.O´Higgins,1835,164,377,275,1826,2478,143066,816341,"128,262480253869","224,783515712184","11,4632407420351","20,0896439110617","173,206771699775","303,549619582993"
2006,Maule,3631,136,450,341,2600,3391,154037,951090,"235,722586131903","381,772492613738","8,82904756649377","14,2993828134036","220,141913955738","356,538287648908"
2006,Biobio,4012,260,859,661,4888,6408,277001,1908455,"144,837022249017","210,222405034439","9,38624770307689","13,6235855705269","231,334904928141","335,768985907449"
2006,Araucanía,1734,116,331,223,1799,2353,109725,890907,"158,031442241969","194,633109853217","10,5718842560948","13,0204387214378","214,445203918888","264,112864754683"
2006,Los Lagos,1737,152,479,340,2014,2833,151079,1110425,"114,972961166012","156,426593421438","10,0609614837271","13,6884526194925","187,517788706571","255,127541256726"
2006,Aysén,264,18,44,27,228,299,16933,96901,"155,908580877576","272,443008844078","10,6301305143802","18,5756596939144","176,578279099982","308,5623471378"
2006,Magallanes,538,18,80,72,624,776,45018,164467,"119,507752454574","327,11729404683","3,9984006397441","10,944444782236","172,375494246746","471,827175056394"
2006,Total,44839,1652,6515,4490,36020,47025,2657892,15771786,"168,701361831105","284,298810546884","6,21545194462378","10,47440029937","176,925924755408","298,159003679101"
2007,Arica y Parinacota,852,25,116,107,669,892,40964,191518,"207,987501220584","444,866801031757","6,10291963675422","13,0536033166595","217,752172639391","465,752566338412"
2007,Tarapacá,1471,36,204,151,1375,1730,72666,279751,"202,433049844494","525,824751296689","4,95417389150359","12,8685867074649","238,075578675034","618,407083442061"
2007,Antofagasta,2387,64,262,251,2085,2598,106399,531834,"224,344213761408","448,824257193034","6,0150941268245","12,0338301048824","244,175227210782","488,498290820068"
2007,Atacama,953,29,158,109,913,1180,50845,264946,"187,432392565641","359,695938040204","5,70360900776871","10,9456266559978","232,077883764382","445,373774278532"
2007,Coquimbo,1749,57,243,197,1597,2037,101611,654668,"172,127033490469","267,158315359847","5,60962887876313","8,70670324500357","200,470421509482","311,150079124075"
2007,Valparaíso,6406,152,750,432,4840,6022,287282,1631867,"222,986473221434","392,556501234476","5,29096845608148","9,31448457502971","209,619816069228","369,025171781769"
2007,Metropolitana,22499,434,2479,1486,13432,17397,1217938,6411727,"184,730257205211","350,903898434852","3,56339977897069","6,76884714523872","142,839783305883","271,330953423313"
2007,L.B.O´Higgins,2476,172,448,344,2353,3145,150205,825270,"164,841383442628","300,023022768306","11,4510169435105","20,8416639402862","209,380513298492","381,087401698838"
2007,Maule,4229,175,526,382,3008,3916,166793,953714,"253,547810759444","443,424338952768","10,4920470283525","18,3493164617485","234,782035217305","410,605275795469"
2007,Biobio,4701,232,1036,716,5563,7315,292839,1920177,"160,531896366263","244,821180547418","7,92244202445713","12,0822195037228","249,795962969413","380,954464093675"
2007,Araucanía,2409,123,460,313,2422,3195,117495,898763,"205,03000127665","268,035065974011","10,4685305757692","13,6854765939408","271,926464955956","355,488599330413"
2007,Los Ríos,726,42,156,143,872,1171,45294,354573,"160,286130613326","204,753323011058","9,27275135779573","11,8452335626232","258,533139047114","330,256392900757"
2007,Los Lagos,1771,80,398,231,1587,2216,114177,765365,"155,110048433572","231,392864842265","7,00666509016702","10,4525291854213","194,084622997627","289,535058436171"
2007,Aysén,437,13,55,57,283,395,16589,95379,"263,427572487793","458,172134327263","7,83651817469407","13,6298346596211","238,109590692628","414,137283888487"
2007,Magallanes,616,11,83,58,660,801,43473,156064,"141,697145354588","394,709862620463","2,53030616704621","7,04839040393685","184,252294527638","513,250973959401"
2007,Total,53682,1645,7374,4977,41659,54010,2824570,15935523,"190,053707289959","336,87002302968","5,82389531857947","10,3228491465263","191,214945991779","338,928317570751"
2008,Arica y Parinacota,981,48,114,125,665,904,42354,194973,"231,619209519762","503,146589527781","11,3330500070832","24,6187933713899","213,439108466733","463,653941827843"
2008,Tarapacá,1105,63,198,160,1154,1512,76806,284831,"143,868968570164","387,949345401308","8,20248418092337","22,1183789685814","196,859620342161","530,841095245953"
2008,Antofagasta,2316,80,305,240,1792,2337,113944,539404,"203,257740644527","429,362778177396","7,02099276837745","14,8311840475784","205,100751246226","433,255963989885"
2008,Atacama,957,50,215,136,1293,1644,56061,267068,"170,706908546048","358,33570476433","8,91885624587503","18,7218236553986","293,251993364371","615,573561789507"
2008,Coquimbo,1830,65,248,221,1700,2169,110845,664960,"165,095403491362","275,204523580366","5,8640443863052","9,77502406159769","195,67865036763","326,185033686237"
2008,Valparaíso,6753,131,817,438,5022,6277,307010,1650270,"219,96026188072","409,205766329146","4,26696198820885","7,93809497839747","204,455880915931","380,362001369473"
2008,Metropolitana,23205,418,2381,1555,13262,17198,1291838,6481836,"179,62778614656","358,000418399972","3,23569983233192","6,44879012674804","133,128147646996","265,326058851227"
2008,L.B.O´Higgins,2429,132,422,345,2356,3123,163045,834198,"148,977276212089","291,177873838106","8,09592443803858","15,8235814518855","191,542212272685","374,371552077564"
2008,Maule,4756,189,584,397,3345,4326,186455,962837,"255,074951060578","493,956921057251","10,136494060229","19,6294907653113","232,013086267464","449,29723307268"
2008,Biobio,5685,282,1028,698,5835,7561,309889,1931900,"183,452784706782","294,269889745846","9,10003259231531","14,5970288317201","243,990590179064","391,376365236296"
2008,Araucanía,3149,155,511,310,2571,3392,123439,904609,"255,105760740123","348,106198368577","12,5568094362398","17,1344746735883","274,791597469195","374,968632856848"
2008,Los Ríos,817,55,135,122,845,1102,50106,357599,"163,054324831358","228,468200414431","10,9767293338123","15,3803562090498","219,933740470203","308,166409861325"
2008,Los Lagos,2022,83,377,244,1790,2411,128003,771699,"157,965047694195","262,019258804275","6,48422302602283","10,7554888628857","188,354960430615","312,427513836353"
2008,Aysén,422,9,42,36,310,388,17992,96157,"234,548688305914","438,865605208149","5,0022232103157","9,35969300206953","215,651400622499","403,506764978109"
2008,Magallanes,660,22,111,92,739,942,45263,157112,"145,814462143473","420,082488925098","4,86048207144909","14,0027496308366","208,11700505932","599,57227964764"
2008,Total,57087,1782,7488,5119,42679,55286,3023050,16099361,"188,839086353186","354,591713298435","5,89470898595789","11,0687622943544","182,881526934718","343,404933897687"
2009,Arica y Parinacota,884,28,112,110,668,890,46360,198427,"190,681622088007","445,503888079747","6,03968938740293","14,110982880354","191,97584124245","448,527670125537"
2009,Tarapacá,1103,25,86,80,1054,1220,82764,289912,"133,270504083901","380,460277601479","3,02063699192886","8,62330638262645","147,407085206128","420,817351472171"
2009,Antofagasta,2480,77,324,201,2302,2827,116810,546974,"212,31058984676","453,40363527334","6,59190137830665","14,0774515790513","242,016950603544","516,843579402312"
2009,Atacama,561,45,138,70,744,952,58440,269190,"95,9958932238193","208,402986737992","7,70020533880904","16,7168171180207","162,90212183436","353,65355325235"
2009,Coquimbo,1806,65,234,235,1795,2264,118835,675252,"151,975428114613","267,45570542553","5,4697690074473","9,62603590955673","190,516262044011","335,282235372868"
2009,Valparaíso,6662,134,714,387,5111,6212,323217,1668673,"206,115396157999","399,239395615558","4,14582153785228","8,03033308503224","192,192861142824","372,271859135972"
2009,Metropolitana,21680,355,2154,1108,11646,14908,1325367,6551944,"163,577333674371","330,894159046536","2,67850338811816","5,41823922792991","112,48205214103","227,535522281631"
2009,L.B.O´Higgins,3243,111,408,346,2347,3101,169362,843127,"191,48333156198","384,639562011417","6,55400857335176","13,1652764055712","183,098924197872","367,797496699785"
2009,Maule,4853,160,500,353,3295,4148,194227,971961,"249,862274555031","499,299869027667","8,23778362431588","16,4615658447201","213,564540460389","426,766094524369"
2009,Biobio,6205,232,1004,720,5698,7422,321364,1943623,"193,083232720529","319,249154800082","7,21922804047747","11,9364712189555","230,953062570792","381,86417839262"
2009,Araucanía,2837,130,472,315,2546,3333,128324,910455,"221,081013684112","311,602440537973","10,1306069012811","14,2785749982152","259,733175399769","366,080695915778"
2009,Los Ríos,764,56,147,130,1003,1280,53459,360626,"142,913260629641","211,85383194778","10,4753175330627","15,5285531270624","239,435829327148","354,938357189997"
2009,Los Lagos,1956,71,340,229,1818,2387,133474,778033,"146,545394608688","251,403218115427","5,31938804561188","9,12557693568268","178,836327674304","306,799325992599"
2009,Aysén,185,10,38,23,260,321,19749,96934,"93,6756291457795","190,851507211092","5,06354752139349","10,3162976870861","162,539875436731","331,153155755463"
2009,Magallanes,1111,9,77,70,763,910,47336,158160,"234,70508703735","702,453211937279","1,90130133513605","5,69044006069803","192,242690552645","575,366717248356"
2009,Total,56330,1508,6748,4377,41050,52175,3139088,16263199,"179,447024103816","346,364820352995","4,80394305607234","9,27246847314603","166,210695590566","320,816341237662"
2010,Arica y Parinacota,598,28,87,70,444,601,50735,201882,"117,867349955652","296,212639066385","5,51887257317434","13,8694881168207","118,458657731349","297,69865565033"
2010,Tarapacá,871,32,142,110,957,1209,90276,294992,"96,4818999512606","295,262244399848","3,54468518764677","10,8477518034387","133,92263724578","409,84162282367"
2010,Antofagasta,1938,67,250,154,1883,2287,128124,554544,"151,259717149012","349,476326495283","5,22930910680279","12,0819989036037","178,498954138179","412,410917799129"
2010,Atacama,649,26,131,78,725,934,62509,271312,"103,825049192916","239,207996697529","4,15940104624934","9,58306304181164","149,418483738342","344,253110809695"
2010,Coquimbo,1947,75,317,224,2016,2557,128816,685544,"151,145820394982","284,008028660451","5,82225810458328","10,9402168205104","198,500186312259","372,988458800602"
2010,Valparaíso,7023,134,785,441,5196,6422,335627,1687076,"209,250149719778","416,282372578354","3,99252741883102","7,94273642681183","191,343366296514","380,658606962579"
2010,Metropolitana,21675,417,2016,1117,12379,15512,1406403,6622053,"154,116565451012","327,315411096831","2,9650107401648","6,29714078096325","110,295555399128","234,247596629021"
2010,L.B.O´Higgins,3408,134,429,361,2195,2985,184421,852055,"184,794573286123","399,974180070535","7,26598380878533","15,7266843102851","161,857922904658","350,329497508964"
2010,Maule,4541,165,490,340,2827,3657,226794,981084,"200,225755531451","462,855372220931","7,27532474404085","16,818131780765","161,247652054287","372,75095710459"
2010,Biobio,6127,230,1056,680,5856,7592,351884,1955346,"174,119880415137","313,346077880846","6,53624489888713","11,7626241084698","215,75291857544","388,268879267403"
2010,Araucanía,3514,130,522,278,2692,3492,139550,916301,"251,809387316374","383,498435557748","9,3156574704407","14,187477695648","250,232891436761","381,097477793869"
2010,Los Ríos,993,35,152,141,1084,1377,58185,363652,"170,66254189224","273,063258279894","6,0152960384979","9,62458614279586","236,658932714617","378,65871767514"
2010,Los Lagos,2585,96,384,228,2279,2891,140488,784367,"184,001480553499","329,565114289612","6,83332384260577","12,2391686544691","205,782700301805","368,577464375732"
2010,Aysén,618,8,50,35,379,464,21561,97712,"286,628635035481","632,470934992631","3,7104030425305","8,18732601932209","215,203376466769","474,864909120681"
2010,Magallanes,1259,18,88,64,832,984,50150,159208,"251,046859421735","790,789407567459","3,58923230309073","11,3059645243958","196,211365902293","618,059394000302"
2010,Total,57746,1595,6899,4321,41744,52964,3375523,16427037,"171,072749319143","351,530224227291","4,72519369591023","9,70960252905013","156,906055743066","322,41967921543"
2011,Arica y Parinacota,1018,33,99,80,679,858,54494,205336,"186,809557015451","495,77278217166","6,0557125555107","16,0712198542876","157,448526443278","417,851716211478"
2011,Tarapacá,1000,56,153,119,869,1141,99681,300073,"100,320020866564","333,252241954458","5,6179211685276","18,6621255494496","114,46514380875","380,240808070036"
2011,Antofagasta,2186,87,260,146,1851,2257,130105,562114,"168,018139195265","388,889086555396","6,68690672918028","15,4772875253063","173,475269974252","401,519976374899"
2011,Atacama,770,53,127,89,925,1141,71254,273434,"108,064108681618","281,603604526138","7,43817890925422","19,3831052466043","160,131361046397","417,285341252368"
2011,Coquimbo,2293,73,263,197,1969,2429,144657,695835,"158,512896023006","329,532144833186","5,04642015249867","10,4909928359453","167,914445896154","349,077008198783"
2011,Valparaíso,7724,151,746,499,5459,6704,365657,1705479,"211,236213172454","452,893292734768","4,12955310577946","8,85381760783921","183,341218683083","393,086047966583"
2011,Metropolitana,23520,360,2008,1200,12341,15549,1513678,6692162,"155,383113185235","351,455927097999","2,37831295691686","5,37942745558162","102,723300464167","232,346437518996"
2011,L.B.O´Higgins,3542,135,389,305,2099,2793,199126,860984,"177,877323905467","411,389758694703","6,77962696985828","15,6797338858794","140,262949087512","324,396272172305"
2011,Maule,4390,148,440,298,2892,3630,244369,990208,"179,646354488499","443,341197001034","6,05641468435031","14,946354705274","148,545846649943","366,589645811789"
2011,Biobio,6643,205,1063,676,6397,8136,390530,1967069,"170,102168847464","337,710573447093","5,24927662407498","10,4215968021457","208,33226640719","413,610300401257"
2011,Araucanía,3985,109,427,333,2758,3518,151366,922146,"263,269162163234","432,144150709324","7,20108875176724","11,8202540595524","232,416791089148","381,501410839498"
2011,Los Ríos,1180,40,142,174,1192,1508,63129,366679,"186,918848706617","321,807357388888","6,33623215954633","10,9087239792843","238,875952414897","411,258894019019"
2011,Los Lagos,2965,85,418,251,2332,3001,150402,790701,"197,138335926384","374,983716980249","5,6515205914815","10,7499547869549","199,53192111807","379,536639007665"
2011,Aysén,598,16,72,43,387,502,23293,98489,"256,729489546216","607,174405263532","6,86901644270811","16,2454690371514","215,515390889967","509,701591040624"
2011,Magallanes,1020,22,117,44,884,1045,52986,160256,"192,503680217416","636,481629392971","4,15204016155211","13,72803514377","197,221907673725","652,081669329074"
2011,Total,62834,1573,6724,4454,43034,54212,3654727,16590874,"171,925290178993","378,726280484078","4,30401504681471","9,48111594362057","148,33392480478","326,75795138942"
2012,Arica y Parinacota,1209,47,165,145,807,1117,60433,208791,"200,056260652293","579,047947469","7,77720781692122","22,5105488263383","184,832790031936","534,984745511061"
2012,Tarapacá,984,37,89,93,728,910,107507,305153,"91,5289236979918","322,461191598968","3,4416363585627","12,125065131262","84,6456509808664","298,211061336444"
2012,Antofagasta,1342,88,241,137,1342,1720,154255,569684,"86,9988006871738","235,569192745452","5,70483938932288","15,4471601800296","111,503678973129","301,921767155125"
2012,Atacama,1151,36,155,74,994,1223,81741,275556,"140,810609119047","417,700939192034","4,40415458582596","13,064495057266","149,618918290699","443,829929306566"
2012,Coquimbo,2106,75,273,158,1736,2167,161410,706127,"130,475187410941","298,246632687888","4,6465522582244","10,6213188279162","134,25438324763","306,885305334593"
2012,Valparaíso,7666,124,748,427,5402,6577,395701,1723882,"193,73213613309","444,694010378901","3,13367921738889","7,19306773897517","166,21135655457","381,522633219675"
2012,Metropolitana,23240,372,1931,1059,12443,15433,1621946,6762270,"143,284671622853","343,671577739428","2,29354121530557","5,50111131321287","95,1511332683086","228,222179830146"
2012,L.B.O´Higgins,3190,122,350,271,2151,2772,219324,869912,"145,446918713866","366,703758541094","5,5625467345115","14,0244070664619","126,38835695136","318,652921215019"
2012,Maule,3919,129,383,289,2830,3502,264256,999331,"148,303160571567","392,162356616577","4,88162993460886","12,908635877402","132,52300799225","350,434440640789"
2012,Biobio,7337,247,1233,634,7254,9121,423154,1978792,"173,38841178389","370,781769887891","5,83711840133852","12,4823629770082","215,548003800035","460,937784264339"
2012,Araucanía,4002,97,425,251,2961,3637,164926,927992,"242,654281314044","431,253717704463","5,88142560906103","10,4526763161751","220,523143712938","391,921482081742"
2012,Los Ríos,1324,39,165,138,1073,1376,68616,369705,"192,957910691384","358,123368631747","5,68380552640783","10,5489511908143","200,536318059928","372,188636886166"
2012,Los Lagos,2824,86,295,191,2239,2725,163615,797035,"172,600311707362","354,313173198166","5,25624178712221","10,7899904019271","166,549521743116","341,892137735482"
2012,Aysén,574,9,31,15,256,302,32888,99267,"174,531744101192","578,238488117904","2,73656044757966","9,06645713076853","91,8268061298954","304,230005943566"
2012,Magallanes,923,15,86,38,519,643,54141,161304,"170,480781662696","572,211476466796","2,77054358065052","9,299211426871","118,763968157219","398,626196498537"
2012,Total,61791,1523,6570,3920,42735,53225,3973913,16754712,"155,491577193562","368,797744777708","3,83249457147149","9,08998017990402","133,935997089015","317,67182867721"
2013,Arica y Parinacota,1310,37,140,133,939,1212,65673,212245,"199,473147259909","617,211241725365","5,63397438825697","17,4326839265943","184,550728609931","571,038187000872"
2013,Tarapacá,932,44,101,84,803,988,114087,310234,"81,6920420380937","300,41839385754","3,85670584729198","14,1828426284675","86,600576752829","318,469284475589"
2013,Antofagasta,1834,66,187,90,1515,1792,167440,577254,"109,531772575251","317,711094249672","3,94171046344959","11,4334417777963","107,023411371237","310,435267663801"
2013,Atacama,1446,55,202,101,1299,1602,87930,277678,"164,448993517571","520,747052341201","6,25497554873195","19,8071147156058","182,190378710338","576,927232261828"
2013,Coquimbo,3068,74,353,111,2297,2761,178122,716419,"172,241497400658","428,241015383456","4,15445593469644","10,3291509577496","155,006119401309","385,3889972209"
2013,Valparaíso,8661,115,758,439,5751,6948,439392,1742285,"197,113283810356","497,105812194905","2,61725293132328","6,60052746823855","158,12759449421","398,786650863665"
2013,Metropolitana,25216,420,2278,1238,12798,16314,1721328,6832379,"146,49154606211","369,066177388579","2,43997657622487","6,14719997236687","94,7756615822202","238,774810355222"
2013,L.B.O´Higgins,4443,132,424,342,2717,3483,226890,878841,"195,821763850324","505,55219886191","5,81779717043501","15,0197817352627","153,510511701706","396,317422605454"
2013,Maule,5573,126,547,363,4154,5064,283241,1008455,"196,758237684516","552,627534198353","4,44850851395102","12,4943601846389","178,787675513079","502,154285515963"
2013,Biobio,8942,255,1217,691,7412,9320,456368,1990515,"195,938365529573","449,230475530202","5,58759597517793","12,8107550056141","204,221154857483","468,220535891465"
2013,Araucanía,4554,116,505,304,3122,3931,180718,933838,"251,994820659813","487,664884059119","6,41884040328025","12,4218547542507","217,521220907713","420,950957232411"
2013,Los Ríos,1484,55,156,177,1079,1412,74474,372732,"199,264172731423","398,141291866542","7,38512769557161","14,7559104128435","189,596369202675","378,824463689729"
2013,Los Lagos,3684,98,405,247,2512,3164,178855,803369,"205,976908669034","458,568851922342","5,47929887338906","12,1986285256215","176,903077912275","393,841435255779"
2013,Aysén,859,13,59,36,529,624,28568,100044,"300,68608232988","858,622206229259","4,55054606552786","12,9942825156931","218,426211145337","623,725560753269"
2013,Magallanes,1270,17,98,60,819,977,59998,162352,"211,673722457415","782,250911599488","2,83342778092603","10,4710751946388","162,838761292043","601,778850891889"
2013,Total,73276,1623,7430,4416,47746,59592,4263084,16918550,"171,884954647856","433,110402487211","3,80710302682284","9,59302067848604","139,786126663233","352,228766649624"
2014,Arica y Parinacota,1406,41,143,114,977,1234,69105,215700,"203,458505173287","651,831247102457","5,93300050647565","19,0078813166435","178,568844511975","572,090866944831"
2014,Tarapacá,1579,44,108,68,915,1091,118031,315314,"133,778414145436","500,770660357612","3,72783421304573","13,9543439238347","92,4333437825656","346,004300475082"
2014,Antofagasta,1766,79,186,107,1440,1733,167813,584824,"105,236185516021","301,971191332777","4,70762098287975","13,5083375511265","103,269710928236","296,328468051927"
2014,Atacama,1643,50,195,113,1051,1359,92931,279800,"176,797839257083","587,205146533238","5,3803359481766","17,8699070764832","146,23753107144","485,704074338813"
2014,Coquimbo,3526,60,353,135,2391,2879,191446,726711,"184,177261473209","485,199756161665","3,13404301996385","8,25637701920021","150,381830907932","396,168490637957"
2014,Valparaíso,8140,131,621,403,4541,5565,472143,1760688,"172,405394128474","462,319275192425","2,7745831241806","7,44027334769136","117,866832718054","316,069627327499"
2014,Metropolitana,25892,431,2234,1126,12785,16145,1855430,6902488,"139,547166963992","375,111119352906","2,32291167007109","6,244125306701","87,0148698684402","233,901167231294"
2014,L.B.O´Higgins,5044,119,445,300,2976,3721,244369,887769,"206,409159917993","568,165817909839","4,86968477998437","13,4043878531465","152,269723246402","419,140564718975"
2014,Maule,6332,120,621,358,3922,4901,307143,1017578,"206,158043647422","622,261880661728","3,90697492698841","11,7927077825975","159,567367643085","481,633840354253"
2014,Biobio,10341,246,1218,553,6928,8699,487044,2002238,"212,321679355459","516,472067756181","5,05087836006603","12,2862516843652","178,608092903311","434,46383496867"
2014,Araucanía,5011,129,541,293,3474,4308,195115,939683,"256,822899315788","533,264941474944","6,61148553417216","13,7280338156591","220,792865745842","458,452478122942"
2014,Los Ríos,1602,54,177,123,1198,1498,79857,375758,"200,608587850783","426,338228327807","6,76208723092528","14,3709515166676","187,585308739372","398,660840221632"
2014,Los Lagos,4048,95,464,234,2667,3365,193559,809703,"209,135199086583","499,936396431778","4,90806420781261","11,732697050647","173,848800624099","415,584479741337"
2014,Aysén,869,12,61,28,429,518,31549,100822,"275,444546578339","861,91505822142","3,80360708738787","11,9021642101922","164,189039272243","513,776755073297"
2014,Magallanes,1246,19,90,57,722,869,63129,163400,"197,373631769868","762,545899632803","3,0097102757845","11,6279069767442","137,654643666144","531,823745410037"
2014,Total,78445,1630,7457,4012,46416,57885,4568664,17082387,"171,702274450474","459,215682211157","3,56778261653735","9,54199199444434","126,700059360898","338,857795459148"
2015,Arica y Parinacota,1344,48,150,96,921,1167,72963,219154,"184,202952181243","613,26738275368","6,57867686361581","21,9024065269171","159,944081246659","532,502258685673"
2015,Tarapacá,1568,35,119,55,907,1081,121756,320395,"128,78215447288","489,395901933551","2,87460166234108","10,9240156681596","88,7841256283058","337,396026779444"
2015,Antofagasta,1991,73,193,89,1504,1786,169229,592394,"117,651229990132","336,093883462695","4,31368146121528","12,3228797050612","105,537466982609","301,488536345743"
2015,Atacama,1329,35,152,67,821,1040,92202,281922,"144,140040346196","471,40698491072","3,79601310166808","12,4147813934351","112,795817878137","368,896361404928"
2015,Coquimbo,2867,74,281,105,1707,2093,199497,737002,"143,711434257157","389,008442310876","3,70932896234029","10,0406783156626","104,91385835376","283,988374522729"
2015,Valparaíso,9260,118,848,393,5320,6561,494732,1779091,"187,172044662565","520,49052015889","2,38512972680158","6,63260058085843","132,617255402925","368,783833991628"
2015,Metropolitana,27014,413,2255,1103,12798,16156,1906209,6972597,"141,715834937302","387,430967256533","2,16660397679373","5,92318758706405","84,7546098040666","231,707066965149"
2015,L.B.O´Higgins,4509,164,457,292,2459,3208,258564,896698,"174,386225460621","502,844882000406","6,34272365835925","18,2893237187994","124,069862780588","357,757015182369"
2015,Maule,6308,138,602,345,4045,4992,321842,1026701,"195,996793457659","614,395038088012","4,2878182462202","13,441108949928","155,107164385009","486,217506362612"
2015,Biobio,10702,237,1292,551,6875,8718,512107,2013961,"208,979763994634","531,390627723178","4,62793908304319","11,7678544917205","170,237860447133","432,878293075189"
2015,Araucanía,5196,134,634,268,3829,4731,210192,945529,"247,202557661567","549,533647302198","6,37512369642993","14,1719608811575","225,079926923955","500,354827826539"
2015,Los Ríos,1696,49,184,157,1264,1605,85596,378785,"198,140100004673","447,747402880262","5,72456656853124","12,9360983143472","187,508762091687","423,723220296474"
2015,Los Lagos,3902,105,436,188,2705,3329,207621,816037,"187,938599659957","478,164593027032","5,05729189243863","12,8670636257915","160,340235332649","407,947188669141"
2015,Aysén,851,12,59,43,473,575,33519,101599,"253,885855783287","837,606669356982","3,58005907097467","11,811139873424","171,54449715087","565,950452268231"
2015,Magallanes,1343,11,111,39,753,903,65101,164448,"206,294834180735","816,671531426348","1,68968218614153","6,68904456119868","138,707546735073","549,109748978401"
2015,Total,79880,1646,7773,3791,46381,57945,4751130,17246225,"168,128424185404","463,173824996485","3,46443898609383","9,54411762574129","121,96045993269","335,986570974228"
2016,Arica y Parinacota,1498,34,151,129,857,1137,76627,222609,"195,49245044175","672,928767480201","4,43707831443225","15,2734166183757","148,381118926749","510,761020443917"
2016,Tarapacá,2912,33,231,70,1412,1713,123253,325475,"236,26199767957","894,692372686074","2,67741961656106","10,1390275750826","138,982418277851","526,307704124741"
2016,Antofagasta,2831,60,342,169,2289,2800,169106,599964,"167,409790309037","471,861645032035","3,54807044102516","10,0006000360022","165,576620581174","466,694668346767"
2016,Atacama,1324,45,166,101,777,1044,96853,284044,"136,702012327961","466,124966554477","4,64621643108629","15,8426159327428","107,792221201202","367,548689639633"
2016,Coquimbo,3719,70,367,151,2185,2703,206941,747294,"179,713058311306","497,662231999722","3,38260663667422","9,36712993815018","130,616939127577","361,705031754571"
2016,Valparaíso,10753,149,865,387,5685,6937,521646,1797494,"206,135961935872","598,22174649818","2,85634319059285","8,28931835099311","132,982904115051","385,926183898249"
2016,Metropolitana,31341,387,2726,1352,13319,17397,1968954,7042706,"159,175887298535","445,013606985724","1,96551062137561","5,49504693224451","88,356558863234","247,021528372759"
2016,L.B.O´Higgins,4927,130,470,274,2845,3589,275855,905626,"178,608326838375","544,043567653756","4,712620760907","14,3547115475925","130,104583929963","396,300459571611"
2016,Maule,6867,163,574,384,4214,5172,337771,1035825,"203,303421548919","662,94982260517","4,82575472731525","15,73624888374","153,121493556285","499,312142495113"
2016,Biobio,11489,237,1268,496,7020,8784,538580,2025684,"213,320212410413","567,166448468764","4,40046047012514","11,6997517875444","163,095547550967","433,631306758606"
2016,Araucanía,5774,155,631,316,4115,5062,225360,951375,"256,21228257011","606,911049796348","6,87788427405041","16,2922086453817","224,618388356408","532,07200105111"
2016,Los Ríos,1837,63,247,198,1424,1869,91897,381811,"199,897711568386","481,128097409451","6,85550126772365","16,5003103629806","203,379870942468","489,509207435092"
2016,Los Lagos,4380,117,600,202,2918,3720,221263,822371,"197,954470471792","532,60632974655","5,28782489616429","14,2271553836407","168,125714647275","452,350581428577"
2016,Aysén,790,5,66,43,510,619,37854,102377,"208,696571036086","771,657696552937","1,32086437364611","4,88390947185403","163,523009457389","604,627992615529"
2016,Magallanes,1269,27,126,72,819,1017,68985,165496,"183,953033268102","766,785904191038","3,91389432485323","16,3145937061923","147,423352902805","614,516362933243"
2016,Total,91711,1675,8830,4344,50389,63563,4960945,17410063,"184,865988234097","526,77006395669","3,37637284831821","9,62087271022512","128,126798422478","365,093451988083"
2017,Arica y Parinacota,1771,14,127,130,916,1173,81087,226063,"218,407389593893","783,409934398818","1,72654062920074","6,19296390829105","144,65943986089","518,881904601815"
2017,Tarapacá,2530,45,146,90,1000,1236,129466,330556,"195,418102049959","765,377122182021","3,47581604436686","13,6134270743838","95,4690806852765","373,915463643074"
2017,Antofagasta,3126,53,260,146,2134,2540,167388,607534,"186,751738475876","514,539103984304","3,16629626974455","8,72379159026491","151,743255191531","418,083596967413"
2017,Atacama,1191,32,141,86,832,1059,103100,286166,"115,518913676043","416,192000447293","3,10378273520854","11,1823207508928","102,715809893307","370,06492734986"
2017,Coquimbo,4029,46,320,198,2216,2734,214286,757586,"188,019749307001","531,820809782652","2,14666380444826","6,07191790766989","127,586496551338","360,883120860206"
2017,Valparaíso,9903,141,823,350,4995,6168,541913,1815897,"182,741510168606","545,350314472682","2,60189366189776","7,7647575826162","113,819007848123","339,666842337423"
2017,Metropolitana,33303,358,2821,1225,13626,17672,2041854,7112815,"163,101769274395","468,211249695093","1,75330851275361","5,03316900552032","86,5487934005076","248,452968339539"
2017,L.B.O´Higgins,5721,111,521,282,3082,3885,297248,914555,"192,465550651308","625,550130937997","3,73425557110561","12,1370502594158","130,698944988696","424,796759079552"
2017,Maule,7385,152,565,353,4545,5463,361391,1044948,"204,349305876461","706,733732204856","4,20597081831036","14,5461783744263","151,165911713352","522,801134601913"
2017,Biobio,11774,225,1309,566,6976,8851,565209,2037407,"208,312323406032","577,891408049545","3,98082833075906","11,0434488543526","156,596940246882","434,424736932778"
2017,Araucanía,5482,140,621,306,3740,4667,238791,957221,"229,573141366299","572,69951244279","5,86286752850819","14,6256716056167","195,442876825341","487,557209881522"
2017,Los Ríos,2046,46,212,169,1438,1819,97497,384838,"209,852610849565","531,652279660533","4,71809389006841","11,9530815563952","186,569843174662","472,666420675713"
2017,Los Lagos,4481,94,476,214,2582,3272,236982,828705,"189,086090926737","540,723176522405","3,96654598239529","11,3429990165379","138,069558025504","394,83290193736"
2017,Aysén,832,14,76,32,480,588,41547,103154,"200,255132741233","806,561064040173","3,36967771439574","13,5719409814452","141,526464004621","570,021521220699"
2017,Magallanes,1305,12,116,54,874,1044,72945,166544,"178,901912399753","783,576712460371","1,64507505654946","7,20530310308387","143,121529919803","626,861369968297"
2017,Total,94879,1483,8534,4201,49436,62171,5190704,17574003,"182,786381192224","539,88268921998","2,85703056849321","8,4386010404118","119,773733967493","353,766868026596"
2018,Arica y Parinacota,1317,35,86,68,613,767,86844,230518,"151,65123670029","571,321979194683","4,03021509833725","15,1831961061609","88,3192851549906","332,72889752644"
2018,Tarapacá,2582,32,157,95,1162,1414,136375,335636,"189,330889092576","769,285773874078","2,34647112740605","9,53413817349748","103,684692942255","421,28973054142"
2018,Antofagasta,2766,60,270,126,1617,2013,173725,615504,"159,217153547273","449,38781876316","3,45373435026623","9,74810886687983","115,872787451432","327,049052483818"
2018,Atacama,1286,32,148,105,763,1016,102858,288288,"125,026735888312","446,081696081696","3,11108518540123","11,1000111000111","98,7769546364891","352,425352425352"
2018,Coquimbo,3816,78,341,196,2171,2708,229244,767878,"166,460190888311","496,95394320452","3,40248817853466","10,1578636189603","118,127410095793","352,660188206981"
2018,Valparaíso,9156,137,751,428,4862,6041,581096,1804299,"157,564326720542","507,454695701766","2,35761388823878","7,59297655211248","103,958726268981","334,811469717602"
2018,Metropolitana,30737,370,2506,1186,12400,16092,2155013,7112815,"142,630230072858","432,13551877843","1,71692699765616","5,20187858112435","74,6724033683324","226,239540885008"
2018,L.B.O´Higgins,5781,108,501,273,2909,3683,313133,923544,"184,618037702829","625,95826511785","3,44901367789406","11,6940827941062","117,617753478554","398,789878987899"
2018,Maule,7069,149,486,327,4406,5219,392197,1053071,"180,241052328294","671,274776344615","3,79911116097267","14,1490934609347","133,070880195412","495,598112567909"
2018,Biobio,10884,201,1211,535,6241,7987,591633,2049129,"183,965397467687","531,152504307928","3,39737641409455","9,80904569697662","134,999230942155","389,775363093295"
2018,Araucanía,5473,106,542,307,3541,4390,256121,962067,"213,688061502181","568,879298427241","4,13866883230973","11,0179436567308","171,403360130563","456,309175972152"
2018,Los Ríos,2161,47,232,148,1480,1860,106008,387865,"203,852539430986","557,152617534452","4,43362765074334","12,117618243461","175,458455965588","479,54829644335"
2018,Los Lagos,4304,129,457,236,2586,3279,255894,835038,"168,194643094406","515,425645299974","5,04114985111023","15,4483987555057","128,138995052639","392,676740459716"
2018,Aysén,772,1,58,19,414,491,41636,103931,"185,416466519358","742,800511878073","0,240176770102796","0,962176828857607","117,926794120473","472,428822969085"
2018,Magallanes,1207,22,113,43,823,979,77118,167592,"156,513395056926","720,201441596258","2,85277107808812","13,1271182395341","126,948312974922","584,156761659268"
2018,Total,89311,1507,7859,4092,45988,57939,5498895,17737841,"162,416267268242","503,505471720036","2,74055060152994","8,49596069780984","105,364805110845","326,640654857601"
